GEO.id,GEO.id2,GEO.display-label,rescen42010,resbase42010,respop72010,respop72011,respop72012,respop72013,respop72014,respop72015,respop72016,respop72017
Id,Id2,Geography,"April 1, 2010 - Census","April 1, 2010 - Estimates Base",Population Estimate (as of July 1) - 2010,Population Estimate (as of July 1) - 2011,Population Estimate (as of July 1) - 2012,Population Estimate (as of July 1) - 2013,Population Estimate (as of July 1) - 2014,Population Estimate (as of July 1) - 2015,Population Estimate (as of July 1) - 2016,Population Estimate (as of July 1) - 2017
1620000US0600296,0600296,"Adelanto city, California",31765,31760,31667,31891,31139,31273,32602,33052,33343,34066
1620000US0600394,0600394,"Agoura Hills city, California",20330,20330,20335,20492,20585,20643,20713,20819,20755,20692
1620000US0600562,0600562,"Alameda city, California",73812,73812,73968,74750,75775,76640,77688,78583,79199,79177
1620000US0600674,0600674,"Albany city, California",18539,18541,18570,18763,19020,19255,19509,19722,19767,20143
1620000US0600884,0600884,"Alhambra city, California",83089,83117,83180,83685,84309,84570,85074,85173,85615,85396
1620000US0600947,0600947,"Aliso Viejo city, California",47823,48098,48237,48951,49570,50096,50120,50096,51490,51671
1620000US0601444,0601444,"Alturas city, California",2827,2827,2832,2771,2718,2653,2638,2620,2580,2540
1620000US0601514,0601514,"Amador City city, California",185,182,182,182,181,180,182,186,188,190
1620000US0601640,0601640,"American Canyon city, California",19454,19542,19620,19858,20054,20282,20368,20422,20402,20247
1620000US0602000,0602000,"Anaheim city, California",336265,336440,337177,340511,343102,345019,345959,349732,351661,352497
1620000US0602042,0602042,"Anderson city, California",9932,9932,9940,9991,10029,10092,10162,10156,10173,10370
1620000US0602112,0602112,"Angels city, California",3836,3810,3801,3770,3743,3729,3730,3750,3775,3807
1620000US0602252,0602252,"Antioch city, California",102372,102745,103106,104266,105714,107538,109278,110464,111224,111674
1620000US0602364,0602364,"Apple Valley town, California",69135,69139,69313,70069,70480,70832,71298,71921,72426,73077
1620000US0602462,0602462,"Arcadia city, California",56364,56359,56392,56713,56985,57433,57768,58121,58570,58799
1620000US0602476,0602476,"Arcata city, California",17231,17231,17500,17728,17697,17687,17703,17783,17943,18000
1620000US0602868,0602868,"Arroyo Grande city, California",17252,17279,17298,17367,17542,17720,17884,18053,18088,18123
1620000US0602896,0602896,"Artesia city, California",16522,16522,16523,16589,16667,16724,16808,16895,16895,16904
1620000US0602924,0602924,"Arvin city, California",19304,19304,19349,19697,20099,20310,20564,20828,21104,21270
1620000US0603064,0603064,"Atascadero city, California",28310,28304,28412,28591,28735,29016,29359,29940,30228,30418
1620000US0603092,0603092,"Atherton town, California",6914,6920,6918,6957,7037,7103,7146,7180,7252,7238
1620000US0603162,0603162,"Atwater city, California",28168,28172,28249,28519,28637,28746,28912,29119,29291,29397
1620000US0603204,0603204,"Auburn city, California",13330,13305,13339,13518,13615,13827,13889,13885,13936,13997
1620000US0603274,0603274,"Avalon city, California",3728,3728,3729,3746,3762,3772,3781,3783,3774,3764
1620000US0603302,0603302,"Avenal city, California",15505,15505,15281,15104,14871,14159,13283,13265,12468,12440
1620000US0603386,0603386,"Azusa city, California",46361,46346,46318,46543,47228,47784,48488,49460,49673,49864
1620000US0603526,0603526,"Bakersfield city, California",347483,348119,349322,353836,358317,363998,368461,373253,376944,380874
1620000US0603666,0603666,"Baldwin Park city, California",75390,75397,75441,75834,76351,76573,76639,76726,76566,76402
1620000US0603820,0603820,"Banning city, California",29603,29594,29729,30011,30258,30479,30670,30820,31017,31230
1620000US0604030,0604030,"Barstow city, California",22639,22639,22703,22921,23036,23226,23416,23622,23823,23916
1620000US0604758,0604758,"Beaumont city, California",36877,36800,37200,38474,39277,40349,42028,43532,45228,46967
1620000US0604870,0604870,"Bell city, California",35477,35473,35494,35684,35843,35951,36000,36033,35921,35811
1620000US0604982,0604982,"Bellflower city, California",76616,76610,76630,77006,77359,77601,77778,78081,77918,77772
1620000US0604996,0604996,"Bell Gardens city, California",42072,42053,42067,42257,42724,42825,42861,42912,42872,42747
1620000US0605108,0605108,"Belmont city, California",25835,25835,25880,26199,26561,26832,27083,27265,27233,27140
1620000US0605164,0605164,"Belvedere city, California",2068,2071,2073,2093,2109,2125,2140,2135,2131,2126
1620000US0605290,0605290,"Benicia city, California",26997,26994,27029,27170,27381,27588,27853,28079,28183,28343
1620000US0606000,0606000,"Berkeley city, California",112580,112487,112893,114034,115476,117141,118925,120905,121672,122324
1620000US0606308,0606308,"Beverly Hills city, California",34109,33951,33976,34145,34362,34435,34513,34553,34592,34484
1620000US0606434,0606434,"Big Bear Lake city, California",5019,5018,5029,5073,5101,5118,5152,5196,5227,5262
1620000US0606560,0606560,"Biggs city, California",1707,1705,1706,1693,1691,1691,1693,1692,1698,1711
1620000US0606798,0606798,"Bishop city, California",3879,3879,3872,3848,3842,3838,3828,3796,3757,3760
1620000US0607162,0607162,"Blue Lake city, California",1253,1253,1254,1245,1241,1241,1239,1249,1267,1265
1620000US0607218,0607218,"Blythe city, California",20817,20779,20473,20203,20570,19784,19188,19123,19699,19630
1620000US0607946,0607946,"Bradbury city, California",1048,1048,1048,1058,1066,1077,1078,1084,1081,1093
1620000US0608058,0608058,"Brawley city, California",24953,24963,25034,25272,25561,25632,25785,25854,26163,26390
1620000US0608100,0608100,"Brea city, California",39282,39189,39425,39862,40212,40999,41379,41823,42546,42777
1620000US0608142,0608142,"Brentwood city, California",51481,51624,51823,52753,53592,55021,56978,58905,60688,62433
1620000US0608310,0608310,"Brisbane city, California",4282,4282,4291,4349,4411,4463,4614,4725,4724,4721
1620000US0608758,0608758,"Buellton city, California",4828,4849,4857,4885,4934,4997,5060,5094,5127,5135
1620000US0608786,0608786,"Buena Park city, California",80530,80613,80807,81631,82211,82916,82864,83041,83298,83015
1620000US0608954,0608954,"Burbank city, California",103340,103375,103396,103864,104331,104666,104785,104908,104599,104834
1620000US0609066,0609066,"Burlingame city, California",28806,28806,28847,29287,29695,29994,30334,30523,30502,30686
1620000US0609598,0609598,"Calabasas city, California",23058,23462,23470,23769,23882,24111,24145,24204,24186,24202
1620000US0609710,0609710,"Calexico city, California",38572,38573,38674,39014,39303,39489,39757,39971,40210,40351
1620000US0609780,0609780,"California City city, California",14120,14120,13468,12846,13369,13234,13246,13257,13721,13972
1620000US0609864,0609864,"Calimesa city, California",7879,7885,7923,8004,8104,8213,8392,8504,8630,8817
1620000US0609878,0609878,"Calipatria city, California",7705,7694,7690,7689,7995,7099,7505,7409,7517,7558
1620000US0609892,0609892,"Calistoga city, California",5155,5155,5164,5198,5224,5258,5280,5298,5303,5273
1620000US0610046,0610046,"Camarillo city, California",65201,65176,65293,65606,65807,66068,66736,67446,67468,67845
1620000US0610345,0610345,"Campbell city, California",39349,39343,39448,39841,40393,40781,41164,41150,41198,41544
1620000US0610928,0610928,"Canyon Lake city, California",10561,10561,10609,10714,10805,10887,10975,11038,11121,11223
1620000US0611040,0611040,"Capitola city, California",9918,9908,9918,9967,10018,10077,10130,10185,10197,10180
1620000US0611194,0611194,"Carlsbad city, California",105328,105569,105936,107799,109394,111154,112148,113250,113920,115330
1620000US0611250,0611250,"Carmel-by-the-Sea city, California",3722,3722,3731,3766,3807,3840,3867,3886,3903,3897
1620000US0611446,0611446,"Carpinteria city, California",13040,12997,13011,13034,13174,13498,13610,13653,13653,13622
1620000US0611530,0611530,"Carson city, California",91714,91714,91626,91792,92365,92787,92994,93104,92986,92735
1620000US0612048,0612048,"Cathedral City city, California",51200,51254,51485,52138,52576,52969,53326,53667,54094,54596
1620000US0612524,0612524,"Ceres city, California",45417,45894,45960,46154,46401,46646,47114,47658,48246,48697
1620000US0612552,0612552,"Cerritos city, California",49041,49047,49059,49282,49500,49647,49705,49745,50591,51020
1620000US0613014,0613014,"Chico city, California",86187,86730,86716,87212,87896,88358,89493,90414,91658,93293
1620000US0613210,0613210,"Chino city, California",77983,77972,78563,79547,79959,80846,84383,85282,87599,89797
1620000US0613214,0613214,"Chino Hills city, California",74799,74799,74985,75702,76163,76440,76693,78032,78652,80374
1620000US0613294,0613294,"Chowchilla city, California",18720,18782,18718,18905,18081,17390,18895,18453,18251,18558
1620000US0613392,0613392,"Chula Vista city, California",243916,243920,244693,248540,252843,257248,260561,265008,267203,270471
1620000US0613588,0613588,"Citrus Heights city, California",83301,83261,83365,83903,84489,85123,85891,86759,87380,87931
1620000US0613756,0613756,"Claremont city, California",34926,34870,34900,35217,35341,35727,35814,36076,36022,36015
1620000US0613882,0613882,"Clayton city, California",10897,10918,10961,11156,11288,11501,11689,11857,12022,12150
1620000US0613945,0613945,"Clearlake city, California",15250,15250,15268,15145,15080,15030,15072,15118,15037,15066
1620000US0614190,0614190,"Cloverdale city, California",8618,8634,8642,8678,8700,8754,8797,8823,8829,8803
1620000US0614218,0614218,"Clovis city, California",95631,95834,96261,97515,98640,99735,102056,104014,106550,109691
1620000US0614260,0614260,"Coachella city, California",40704,40724,41007,41926,42652,43057,44003,44473,44916,45443
1620000US0614274,0614274,"Coalinga city, California",13380,18079,18070,18046,16804,16733,16410,16522,16591,16766
1620000US0614498,0614498,"Colfax city, California",1963,1950,1957,1976,1988,1998,2005,1997,2003,2005
1620000US0614736,0614736,"Colma town, California",1792,1443,1445,1463,1483,1498,1511,1522,1521,1514
1620000US0614890,0614890,"Colton city, California",52154,52153,52276,52754,53028,53208,53829,54426,54632,54828
1620000US0614946,0614946,"Colusa city, California",5971,5971,5979,5948,5958,5945,5905,5892,5951,5963
1620000US0614974,0614974,"Commerce city, California",12823,12846,12849,12907,12964,13003,13015,13021,12988,12947
1620000US0615044,0615044,"Compton city, California",96455,96418,96481,97047,97576,97875,97966,98012,97710,97612
1620000US0616000,0616000,"Concord city, California",122067,122154,122521,123588,124840,126088,127346,128464,129172,129783
1620000US0616224,0616224,"Corcoran city, California",24813,24807,24453,24127,23694,23359,22841,22530,22730,21835
1620000US0616322,0616322,"Corning city, California",7663,7663,7680,7645,7616,7556,7518,7528,7546,7592
1620000US0616350,0616350,"Corona city, California",152374,152430,153193,154911,157726,159139,160838,163600,166507,167836
1620000US0616378,0616378,"Coronado city, California",18912,24702,23966,23355,23230,23384,23598,23739,25150,24417
1620000US0616462,0616462,"Corte Madera town, California",9253,9262,9272,9352,9396,9483,9931,9927,9899,9864
1620000US0616532,0616532,"Costa Mesa city, California",109960,110078,110168,111099,111819,112299,112558,112889,113018,113825
1620000US0616560,0616560,"Cotati city, California",7265,7265,7274,7308,7331,7389,7425,7447,7464,7479
1620000US0616742,0616742,"Covina city, California",47796,47792,47804,48022,48322,48484,48705,48756,48611,48462
1620000US0617022,0617022,"Crescent City city, California",7643,7640,7596,7517,7389,7166,6783,6775,6649,6399
1620000US0617498,0617498,"Cudahy city, California",23805,23809,23815,23928,24038,24113,24150,24203,24147,24076
1620000US0617568,0617568,"Culver City city, California",38883,38917,38920,39089,39321,39444,39486,39547,39436,39283
1620000US0617610,0617610,"Cupertino city, California",58302,58572,58719,59244,59915,60356,60751,60624,61016,60777
1620000US0617750,0617750,"Cypress city, California",47802,47860,47965,48445,48773,49089,49078,49150,48989,49064
1620000US0617918,0617918,"Daly City city, California",101123,101116,101293,102558,104116,105217,106163,106773,107112,107074
1620000US0617946,0617946,"Dana Point city, California",33351,33293,33347,33671,33902,34049,34032,34083,34062,33934
1620000US0617988,0617988,"Danville town, California",42039,41849,41981,42392,42846,43321,43883,44360,44756,44786
1620000US0618100,0618100,"Davis city, California",65622,65636,65590,65696,65879,66322,66691,67481,68118,68986
1620000US0618394,0618394,"Delano city, California",53041,53041,53133,53660,52481,52427,52572,52660,52752,53138
1620000US0618506,0618506,"Del Mar city, California",4161,4163,4174,4205,4244,4282,4310,4343,4363,4363
1620000US0618688,0618688,"Del Rey Oaks city, California",1624,1624,1628,1643,1661,1671,1678,1684,1689,1687
1620000US0618996,0618996,"Desert Hot Springs city, California",25938,27052,27174,27445,27675,27879,28082,28228,28483,28757
1620000US0619192,0619192,"Diamond Bar city, California",55544,55552,55584,55900,56198,56374,56458,56634,56827,56665
1620000US0619318,0619318,"Dinuba city, California",21453,21453,21568,22631,22857,23293,23600,23635,23968,24034
1620000US0619402,0619402,"Dixon city, California",18351,18392,18411,18476,18621,18939,19115,19332,19806,20202
1620000US0619584,0619584,"Dorris city, California",939,939,941,930,915,902,901,905,905,907
1620000US0619612,0619612,"Dos Palos city, California",4950,4950,4963,5009,5028,5040,5066,5108,5248,5445
1620000US0619766,0619766,"Downey city, California",111772,111770,111807,112335,112829,113165,113469,113693,113402,113092
1620000US0619990,0619990,"Duarte city, California",21321,21325,21353,21449,21650,21706,21883,21897,21828,21757
1620000US0620018,0620018,"Dublin city, California",46036,46036,45910,46838,48784,52131,54673,57635,59682,60939
1620000US0620242,0620242,"Dunsmuir city, California",1650,1640,1639,1619,1595,1572,1569,1574,1575,1580
1620000US0620956,0620956,"East Palo Alto city, California",28155,28155,28230,28579,28983,29279,29560,29728,29875,29765
1620000US0621230,0621230,"Eastvale city, California",(X),53683,54053,55056,55816,56537,57798,59783,61369,63211
1620000US0621712,0621712,"El Cajon city, California",99478,99514,99771,100813,101645,102441,102969,103445,103793,103894
1620000US0621782,0621782,"El Centro city, California",42598,42583,42688,43060,43180,43509,43699,43851,44191,44364
1620000US0621796,0621796,"El Cerrito city, California",23549,23586,23651,23863,24110,24367,24599,24939,25494,25515
1620000US0622020,0622020,"Elk Grove city, California",153015,153015,153424,155719,158295,160510,163017,166306,169454,171844
1620000US0622230,0622230,"El Monte city, California",113475,113484,113659,114174,115044,115663,115947,116191,115983,116109
1620000US0622300,0622300,"El Paso de Robles (Paso Robles) city, California",29793,29785,29828,30124,30467,30790,31183,31423,31818,31918
1620000US0622412,0622412,"El Segundo city, California",16654,16654,16658,16736,16832,16900,16956,16956,16911,16853
1620000US0622594,0622594,"Emeryville city, California",10080,10100,10116,10219,10366,10889,11325,11772,11794,11758
1620000US0622678,0622678,"Encinitas city, California",59518,59519,59689,60311,60991,61677,62169,62758,63124,63184
1620000US0622790,0622790,"Escalon city, California",7132,7132,7146,7206,7241,7246,7374,7505,7533,7588
1620000US0622804,0622804,"Escondido city, California",143911,143976,144464,146225,147834,149111,150085,151119,151717,151969
1620000US0622972,0622972,"Etna city, California",737,737,736,730,722,714,711,713,715,720
1620000US0623042,0623042,"Eureka city, California",27191,27196,27201,27159,26933,26900,26892,26924,27185,27177
1620000US0623126,0623126,"Exeter city, California",10334,10332,10343,10385,10440,10483,10518,10520,10514,10553
1620000US0623168,0623168,"Fairfax town, California",7441,7439,7447,7511,7551,7618,7646,7644,7626,7598
1620000US0623182,0623182,"Fairfield city, California",105321,105398,105557,106257,107579,109255,110913,112642,114776,116266
1620000US0623616,0623616,"Farmersville city, California",10588,10588,10587,10607,10662,10709,10743,10745,10741,10778
1620000US0623910,0623910,"Ferndale city, California",1371,1371,1372,1377,1365,1360,1362,1363,1371,1373
1620000US0624092,0624092,"Fillmore city, California",15002,14991,15021,15096,15154,15271,15374,15509,15637,15812
1620000US0624134,0624134,"Firebaugh city, California",7549,7558,7598,7768,7906,8073,8279,8297,8310,8328
1620000US0624638,0624638,"Folsom city, California",72203,72203,72179,72636,73183,72946,75136,76121,77180,78038
1620000US0624680,0624680,"Fontana city, California",196069,196468,197370,200046,201534,203084,204471,206720,209268,211815
1620000US0625058,0625058,"Fort Bragg city, California",7273,7276,7278,7252,7258,7246,7266,7264,7288,7312
1620000US0625128,0625128,"Fort Jones city, California",839,710,709,702,692,686,685,685,687,692
1620000US0625296,0625296,"Fortuna city, California",11926,11926,11935,11915,11817,11783,11870,11956,12100,12191
1620000US0625338,0625338,"Foster City city, California",30567,30567,30618,30994,32160,32490,32783,33547,34361,34412
1620000US0625380,0625380,"Fountain Valley city, California",55313,55360,55484,56008,56433,56739,56840,56828,56631,56313
1620000US0625436,0625436,"Fowler city, California",5570,5633,5645,5906,5920,5931,6023,6240,6349,6495
1620000US0626000,0626000,"Fremont city, California",214089,214079,214619,217580,221847,225282,228820,232061,233801,234962
1620000US0627000,0627000,"Fresno city, California",494665,497069,497772,501851,506293,510009,515416,519650,522792,527438
1620000US0628000,0628000,"Fullerton city, California",135161,135239,135333,136531,138388,138977,139243,140437,140968,140392
1620000US0628112,0628112,"Galt city, California",23647,23647,23690,24098,24247,24412,24747,25209,25603,26172
1620000US0628168,0628168,"Gardena city, California",58829,58829,58850,59181,59500,59949,60041,60172,60138,60224
1620000US0629000,0629000,"Garden Grove city, California",170883,170960,171228,173137,174166,174852,174934,174906,175206,174226
1620000US0629504,0629504,"Gilroy city, California",48821,48810,48948,49674,50757,51944,52585,53260,55396,57664
1620000US0630000,0630000,"Glendale city, California",191719,191670,191748,192850,194275,195841,198896,199968,201039,203054
1620000US0630014,0630014,"Glendora city, California",50073,50395,50517,50808,51039,51392,51365,52102,52250,52445
1620000US0630378,0630378,"Goleta city, California",29888,29914,29969,30038,30286,30554,30808,30898,30870,31116
1620000US0630392,0630392,"Gonzales city, California",8187,8165,8190,8261,8345,8397,8433,8462,8492,8479
1620000US0630658,0630658,"Grand Terrace city, California",12040,12040,12066,12165,12262,12328,12366,12422,12490,12595
1620000US0630798,0630798,"Grass Valley city, California",12860,12867,12867,12898,12817,12784,12838,12930,12943,12987
1620000US0630994,0630994,"Greenfield city, California",16330,16334,16419,16570,16738,16837,16909,17147,17472,17517
1620000US0631260,0631260,"Gridley city, California",6584,6587,6581,6554,6555,6555,6579,6575,6583,6608
1620000US0631393,0631393,"Grover Beach city, California",13156,13157,13173,13211,13316,13414,13476,13541,13605,13628
1620000US0631414,0631414,"Guadalupe city, California",7080,7080,7087,7101,7158,7215,7275,7308,7320,7370
1620000US0631568,0631568,"Gustine city, California",5520,5520,5535,5586,5613,5633,5665,5733,5823,5844
1620000US0631708,0631708,"Half Moon Bay city, California",11324,11324,11348,11512,11698,12079,12382,12677,12780,12870
1620000US0631960,0631960,"Hanford city, California",53967,54371,54409,54610,54571,54811,55169,55703,55768,56499
1620000US0632506,0632506,"Hawaiian Gardens city, California",14254,14275,14282,14347,14411,14461,14482,14521,14492,14450
1620000US0632548,0632548,"Hawthorne city, California",84293,84293,84319,85020,85555,86106,87046,88025,88104,87854
1620000US0633000,0633000,"Hayward city, California",144186,144348,144796,146977,149596,151985,154646,158153,159445,160500
1620000US0633056,0633056,"Healdsburg city, California",11254,11254,11312,11360,11409,11507,11637,11735,11840,11840
1620000US0633182,0633182,"Hemet city, California",78657,78728,79202,80382,81246,81969,82817,83606,84419,85160
1620000US0633308,0633308,"Hercules city, California",24060,24089,24153,24363,24606,24848,25086,25304,25444,25545
1620000US0633364,0633364,"Hermosa Beach city, California",19506,19506,19509,19590,19682,19727,19725,19764,19811,19708
1620000US0633434,0633434,"Hesperia city, California",90173,90173,90370,91316,91786,92036,92372,92980,93568,94859
1620000US0633518,0633518,"Hidden Hills city, California",1856,1856,1856,1871,1882,1897,1902,1915,1925,1921
1620000US0633588,0633588,"Highland city, California",53104,53104,53226,53707,54016,54248,54443,54680,54864,55342
1620000US0633798,0633798,"Hillsborough town, California",10825,10825,10849,10997,11138,11273,11394,11477,11497,11486
1620000US0634120,0634120,"Hollister city, California",34928,34741,34916,35272,35727,36197,36690,36984,37579,38404
1620000US0634246,0634246,"Holtville city, California",5939,5936,5952,6004,6020,6039,6276,6384,6439,6597
1620000US0634904,0634904,"Hughson city, California",6640,6640,6656,6711,6852,6995,7188,7334,7416,7498
1620000US0636000,0636000,"Huntington Beach city, California",189992,191037,191342,193184,194563,197588,200188,201300,201004,201874
1620000US0636056,0636056,"Huntington Park city, California",58114,58118,58132,58392,58650,58897,59106,59161,58962,58822
1620000US0636084,0636084,"Huron city, California",6754,6745,6753,6753,6763,6781,6794,6818,6939,7311
1620000US0636280,0636280,"Imperial city, California",14758,14733,14841,15223,15618,16189,16767,17027,17165,17550
1620000US0636294,0636294,"Imperial Beach city, California",26324,26324,26388,26638,26867,27086,27121,27339,27424,27418
1620000US0636434,0636434,"Indian Wells city, California",4958,4958,4983,5044,5095,5146,5203,5266,5333,5404
1620000US0636448,0636448,"Indio city, California",76036,79116,79638,81088,82373,83526,85341,87170,88468,89793
1620000US0636490,0636490,"Industry city, California",219,217,214,206,204,208,208,205,208,204
1620000US0636546,0636546,"Inglewood city, California",109673,109673,109710,110647,111139,111288,111246,111154,110800,110598
1620000US0636672,0636672,"Ione city, California",7918,7913,7745,7560,7319,6964,6975,6999,7034,7827
1620000US0636770,0636770,"Irvine city, California",212375,212043,213435,220454,229456,236574,247804,256186,266385,277453
1620000US0636826,0636826,"Irwindale city, California",1422,1418,1418,1418,1416,1417,1422,1427,1434,1461
1620000US0636882,0636882,"Isleton city, California",804,804,805,811,816,820,827,833,839,845
1620000US0636980,0636980,"Jackson city, California",4651,4672,4658,4622,4606,4596,4610,4659,4696,4740
1620000US0637692,0637692,"Jurupa Valley city, California",(X),95005,95625,97274,98495,99643,100276,101669,103440,106028
1620000US0638226,0638226,"Kerman city, California",13544,13567,13637,13892,14314,14338,14373,14463,14586,14932
1620000US0638520,0638520,"King City city, California",12874,12874,12906,13025,13163,13245,13548,13863,13910,14055
1620000US0638562,0638562,"Kingsburg city, California",11382,11397,11409,11511,11602,11669,11703,11775,11804,12002
1620000US0639003,0639003,"La Cañada Flintridge city, California",20246,20248,20256,20362,20455,20519,20514,20501,20484,20413
1620000US0639122,0639122,"Lafayette city, California",23893,23794,23882,24308,24609,25071,25474,25832,26191,26440
1620000US0639178,0639178,"Laguna Beach city, California",22723,22730,22767,22997,23141,23266,23279,23302,23244,23147
1620000US0639220,0639220,"Laguna Hills city, California",30344,30212,30259,30549,30740,30867,30838,31611,31504,31318
1620000US0639248,0639248,"Laguna Niguel city, California",62979,62985,63131,63834,64262,64538,65270,65612,65382,66334
1620000US0639259,0639259,"Laguna Woods city, California",16192,16046,16072,16221,16323,16387,16369,16360,16300,16200
1620000US0639290,0639290,"La Habra city, California",60239,60287,60393,61000,61382,61667,61893,61961,61797,62466
1620000US0639304,0639304,"La Habra Heights city, California",5325,5316,5323,5356,5393,5409,5416,5426,5413,5403
1620000US0639486,0639486,"Lake Elsinore city, California",51821,53418,53744,55227,56231,57927,60357,62222,64088,66411
1620000US0639496,0639496,"Lake Forest city, California",77264,77448,77574,78380,78888,79306,79911,82236,83337,84293
1620000US0639710,0639710,"Lakeport city, California",4753,4753,4756,4717,4687,4759,4771,4786,4754,4762
1620000US0639892,0639892,"Lakewood city, California",80048,80054,80068,80470,80823,81075,81173,81238,81235,80967
1620000US0640004,0640004,"La Mesa city, California",57065,57013,57157,57692,58203,58680,59004,59872,59955,60021
1620000US0640032,0640032,"La Mirada city, California",48527,48523,48543,48750,48948,49084,49170,49303,49257,49095
1620000US0640130,0640130,"Lancaster city, California",156633,156643,156854,158230,158576,159457,160128,160378,160289,160316
1620000US0640256,0640256,"La Palma city, California",15568,15526,15550,15693,15790,15886,15868,15859,15801,15722
1620000US0640340,0640340,"La Puente city, California",39816,39827,39849,40071,40253,40414,40502,40568,40437,40322
1620000US0640354,0640354,"La Quinta city, California",37467,37468,37681,38171,38553,39192,39830,40305,40874,41304
1620000US0640438,0640438,"Larkspur city, California",11926,11929,11943,12050,12113,12228,12341,12444,12430,12396
1620000US0640704,0640704,"Lathrop city, California",18023,18023,18137,18772,19090,19608,20015,20801,22086,22781
1620000US0640830,0640830,"La Verne city, California",31063,31121,31136,31291,31441,31766,32368,32585,32508,32461
1620000US0640886,0640886,"Lawndale city, California",32769,32769,32783,32942,33093,33201,33256,33289,33186,33078
1620000US0641124,0641124,"Lemon Grove city, California",25320,25318,25385,25626,25981,26172,26474,26636,26863,27108
1620000US0641152,0641152,"Lemoore city, California",24531,24531,24539,24496,24664,24888,25076,25529,25747,26355
1620000US0641474,0641474,"Lincoln city, California",42819,42932,43110,43795,44289,45082,45803,46382,47086,47674
1620000US0641712,0641712,"Lindsay city, California",11768,11746,11764,12664,12793,12964,13137,13180,13250,13303
1620000US0641936,0641936,"Live Oak city, California",8392,8466,8465,8558,8376,8392,8407,8438,8741,8774
1620000US0641992,0641992,"Livermore city, California",80968,81397,81593,82635,83970,85613,87201,88374,89682,90295
1620000US0642006,0642006,"Livingston city, California",13058,13011,13062,13369,13431,13484,13751,13846,13958,14140
1620000US0642202,0642202,"Lodi city, California",62134,62134,62280,62817,63180,63290,63792,64401,64695,65884
1620000US0642370,0642370,"Loma Linda city, California",23261,23287,23353,23537,23655,23718,23790,23997,24129,24196
1620000US0642468,0642468,"Lomita city, California",20256,20259,20271,20389,20539,20658,20694,20746,20727,20707
1620000US0642524,0642524,"Lompoc city, California",42434,42440,42334,42245,43184,43518,44026,44083,43723,43542
1620000US0643000,0643000,"Long Beach city, California",462257,462235,462559,465032,467929,469297,470713,471967,470852,469450
1620000US0643140,0643140,"Loomis town, California",6430,6419,6437,6528,6587,6650,6696,6702,6756,6809
1620000US0643224,0643224,"Los Alamitos city, California",11449,11404,11421,11529,11609,11654,11691,11685,11655,11603
1620000US0643280,0643280,"Los Altos city, California",28976,29001,29076,29479,29856,30064,30326,30691,30755,30743
1620000US0643294,0643294,"Los Altos Hills town, California",7922,8043,8064,8148,8275,8358,8453,8476,8571,8580
1620000US0644000,0644000,"Los Angeles city, California",3792621,3792724,3796060,3824592,3859267,3891783,3922668,3953459,3981116,3999759
1620000US0644028,0644028,"Los Banos city, California",35972,35967,36074,36410,36572,36707,36948,37306,37649,39183
1620000US0644112,0644112,"Los Gatos town, California",29413,29444,29529,29878,30233,30517,30770,30737,30756,30724
1620000US0644364,0644364,"Loyalton city, California",769,766,761,732,722,714,702,706,699,706
1620000US0644574,0644574,"Lynwood city, California",69772,69766,69615,69734,70728,71340,71427,71668,71294,71099
1620000US0644826,0644826,"McFarland city, California",12707,12707,12725,12796,12382,12459,13617,13995,14546,15093
1620000US0645022,0645022,"Madera city, California",61416,61416,61524,61893,62442,62846,63416,63969,64545,65508
1620000US0645246,0645246,"Malibu city, California",12645,12635,12644,12704,12776,12838,12875,12905,12901,12877
1620000US0645358,0645358,"Mammoth Lakes town, California",8234,8234,8231,8290,8238,8070,8102,8030,8116,8132
1620000US0645400,0645400,"Manhattan Beach city, California",35135,35135,35134,35275,35429,35527,35585,35647,35777,35924
1620000US0645484,0645484,"Manteca city, California",67096,67276,67677,69246,70956,71871,73287,75192,76935,79268
1620000US0645736,0645736,"Maricopa city, California",1154,1154,1155,1164,1172,1181,1187,1190,1191,1197
1620000US0645778,0645778,"Marina city, California",19718,19718,19748,19909,20210,20347,20767,21175,21732,22145
1620000US0646114,0646114,"Martinez city, California",35824,36036,36171,36533,36883,37193,37549,38108,38272,38373
1620000US0646170,0646170,"Marysville city, California",12072,12072,12094,12099,12121,12165,12179,12171,12222,12413
1620000US0646492,0646492,"Maywood city, California",27395,27395,27402,27518,27619,27705,27737,27759,27677,27586
1620000US0646828,0646828,"Mendota city, California",11014,11148,11176,11354,11382,11381,11378,11406,11418,11438
1620000US0646842,0646842,"Menifee city, California",77519,77519,78080,79867,81292,83358,84875,86799,88465,90595
1620000US0646870,0646870,"Menlo Park city, California",32026,32019,32088,32496,32901,33107,33322,33512,34079,34357
1620000US0646898,0646898,"Merced city, California",78958,78957,79147,79804,80400,80919,81393,82108,82630,83081
1620000US0647486,0647486,"Millbrae city, California",21532,21537,21579,21867,22164,22529,22729,22851,22812,22718
1620000US0647710,0647710,"Mill Valley city, California",13903,13905,13924,14072,14178,14333,14415,14422,14405,14355
1620000US0647766,0647766,"Milpitas city, California",66790,66815,66743,67183,69005,70108,73726,77611,77957,78106
1620000US0648256,0648256,"Mission Viejo city, California",93305,93112,93259,94128,94832,96252,96924,96877,96519,96016
1620000US0648354,0648354,"Modesto city, California",201165,203119,203344,204207,205406,206535,208250,209938,212035,214221
1620000US0648648,0648648,"Monrovia city, California",36590,36590,36599,36775,36932,37085,37184,37290,37181,37061
1620000US0648690,0648690,"Montague city, California",1443,1443,1444,1431,1413,1395,1392,1393,1395,1406
1620000US0648788,0648788,"Montclair city, California",36664,36664,36769,37330,37520,38021,38325,38574,38910,39276
1620000US0648816,0648816,"Montebello city, California",62500,62490,62508,62975,63264,63454,63537,63626,63415,63192
1620000US0648872,0648872,"Monterey city, California",27810,27697,27921,28295,28838,28713,28680,28647,28732,28639
1620000US0648914,0648914,"Monterey Park city, California",60269,60228,60237,60531,60786,60969,61042,61152,61117,61044
1620000US0648956,0648956,"Monte Sereno city, California",3341,3372,3386,3418,3464,3506,3537,3550,3572,3578
1620000US0649138,0649138,"Moorpark city, California",34421,34517,34647,34941,35073,35221,35580,36139,36618,36802
1620000US0649187,0649187,"Moraga town, California",16016,16006,16061,16319,16497,16780,17021,17243,17463,17630
1620000US0649270,0649270,"Moreno Valley city, California",193365,193312,194279,196726,198479,200529,202216,203325,205090,207226
1620000US0649278,0649278,"Morgan Hill city, California",37882,37905,38015,38811,39509,41060,42106,42988,44446,45037
1620000US0649362,0649362,"Morro Bay city, California",10234,10234,10245,10284,10373,10458,10508,10589,10628,10635
1620000US0649670,0649670,"Mountain View city, California",74066,74020,74270,75194,76684,78155,79349,80477,80963,81438
1620000US0649852,0649852,"Mount Shasta city, California",3394,3394,3392,3354,3313,3266,3276,3280,3280,3302
1620000US0650076,0650076,"Murrieta city, California",103466,103606,104123,105330,106551,107462,108191,109571,111719,113326
1620000US0650258,0650258,"Napa city, California",76915,77117,77229,77824,78395,78989,79703,80045,80111,79774
1620000US0650398,0650398,"National City city, California",58582,58560,58634,59089,59468,59888,60271,60885,61160,61363
1620000US0650734,0650734,"Needles city, California",4844,4836,4847,4891,4915,4925,4950,4967,4985,5007
1620000US0650874,0650874,"Nevada City city, California",3068,3057,3070,3093,3085,3085,3061,3141,3136,3136
1620000US0650916,0650916,"Newark city, California",42573,42573,42640,43056,43615,44174,44748,45310,45941,47531
1620000US0651140,0651140,"Newman city, California",10224,10263,10277,10539,10601,10658,10747,10878,11113,11361
1620000US0651182,0651182,"Newport Beach city, California",85186,85219,85358,86168,86706,87101,86956,86882,86842,86160
1620000US0651560,0651560,"Norco city, California",27063,27063,27094,27229,27332,26914,26887,26198,26688,26761
1620000US0652526,0652526,"Norwalk city, California",105549,105549,105570,106011,106210,106410,106540,106644,106314,106084
1620000US0652582,0652582,"Novato city, California",51904,51872,51982,52712,53296,54242,55002,55592,56139,55980
1620000US0652694,0652694,"Oakdale city, California",20675,20736,20819,20960,21251,21495,21816,22188,22649,23150
1620000US0653000,0653000,"Oakland city, California",390724,390822,391571,396480,401906,407567,413933,418929,421566,425195
1620000US0653070,0653070,"Oakley city, California",35432,35432,35684,36631,37243,38222,39205,39781,40737,41714
1620000US0653322,0653322,"Oceanside city, California",167086,166992,167555,169599,171334,172976,174190,175126,175473,176193
1620000US0653476,0653476,"Ojai city, California",7461,7461,7476,7515,7546,7583,7607,7613,7598,7582
1620000US0653896,0653896,"Ontario city, California",163924,163921,164391,165866,166858,167396,168459,170613,172955,175841
1620000US0653980,0653980,"Orange city, California",136416,136432,136794,138329,139299,139964,139480,140611,140746,140560
1620000US0654008,0654008,"Orange Cove city, California",9078,9072,9081,9524,9546,9552,9547,9577,9587,9604
1620000US0654232,0654232,"Orinda city, California",17643,17751,17816,18128,18351,18699,18998,19267,19536,19730
1620000US0654274,0654274,"Orland city, California",7291,7331,7373,7447,7398,7446,7497,7499,7544,7656
1620000US0654386,0654386,"Oroville city, California",15546,18696,18674,18585,18616,18712,18914,18938,18989,19121
1620000US0654652,0654652,"Oxnard city, California",197899,197969,198512,200101,201416,203246,205076,206908,208303,210037
1620000US0654806,0654806,"Pacifica city, California",37234,37304,37371,37845,38374,38775,39140,39362,39314,39087
1620000US0654848,0654848,"Pacific Grove city, California",15041,15039,15085,15241,15404,15498,15567,15634,15675,15698
1620000US0655156,0655156,"Palmdale city, California",152750,152755,152999,154186,155228,156947,157326,157619,157472,157519
1620000US0655184,0655184,"Palm Desert city, California",48445,48450,48693,49284,49843,50445,51017,51663,52182,52932
1620000US0655254,0655254,"Palm Springs city, California",44552,44538,44772,45236,45757,46214,46703,47187,47646,48142
1620000US0655282,0655282,"Palo Alto city, California",64403,64409,64576,65432,66258,66800,67031,66904,67490,67178
1620000US0655380,0655380,"Palos Verdes Estates city, California",13438,13438,13439,13495,13539,13579,13595,13609,13598,13544
1620000US0655520,0655520,"Paradise town, California",26218,26199,26177,26067,26160,26242,26351,26387,26503,26682
1620000US0655618,0655618,"Paramount city, California",54098,54098,54119,54386,54693,54996,55085,55163,55004,54909
1620000US0655856,0655856,"Parlier city, California",14494,14508,14529,14630,14726,14827,14941,15095,15164,15250
1620000US0656000,0656000,"Pasadena city, California",137122,137139,137170,137826,138428,139699,140027,141601,142279,142647
1620000US0656112,0656112,"Patterson city, California",20413,20499,20521,20607,20733,20900,21203,21451,21777,22124
1620000US0656700,0656700,"Perris city, California",68386,68550,69001,70469,71331,72436,73667,74829,76284,77879
1620000US0656784,0656784,"Petaluma city, California",57941,57941,58020,58255,58785,59415,59842,60411,60593,60870
1620000US0656924,0656924,"Pico Rivera city, California",62942,62948,62967,63285,63567,63768,63853,63923,63732,63522
1620000US0656938,0656938,"Piedmont city, California",10667,10686,10706,10816,10958,11100,11246,11370,11407,11378
1620000US0657288,0657288,"Pinole city, California",18390,18330,18381,18541,18728,18913,19094,19257,19353,19364
1620000US0657414,0657414,"Pismo Beach city, California",7655,7650,7663,7694,7782,7858,7902,8118,8185,8237
1620000US0657456,0657456,"Pittsburg city, California",63264,63259,63535,64592,65618,66762,68103,69363,70900,72141
1620000US0657526,0657526,"Placentia city, California",50533,50917,51008,51558,51947,52235,52262,52375,52343,52157
1620000US0657540,0657540,"Placerville city, California",10389,10389,10378,10339,10353,10472,10586,10679,10723,10936
1620000US0657764,0657764,"Pleasant Hill city, California",33152,33102,33189,33469,33808,34147,34476,34776,34954,34987
1620000US0657792,0657792,"Pleasanton city, California",70285,70273,70393,71190,72227,74179,77635,79391,82467,83007
1620000US0657834,0657834,"Plymouth city, California",1005,987,985,977,970,966,964,972,984,993
1620000US0657876,0657876,"Point Arena city, California",449,449,449,447,448,449,449,449,451,453
1620000US0658072,0658072,"Pomona city, California",149058,149030,149096,149788,150656,151276,152405,152561,152697,152939
1620000US0658240,0658240,"Porterville city, California",54165,57323,57437,57866,58072,58241,58344,59083,59059,59145
1620000US0658296,0658296,"Port Hueneme city, California",21723,21723,21712,21762,21842,22148,22092,22395,22323,22327
1620000US0658352,0658352,"Portola city, California",2104,2104,2093,2060,2013,1960,1933,1915,1938,1930
1620000US0658380,0658380,"Portola Valley town, California",4353,4353,4360,4414,4474,4524,4584,4613,4622,4611
1620000US0658520,0658520,"Poway city, California",47811,47806,47961,48666,49084,49480,49774,50018,50080,50041
1620000US0659444,0659444,"Rancho Cordova city, California",64776,64805,65080,66007,66803,67823,69513,70756,72273,73563
1620000US0659451,0659451,"Rancho Cucamonga city, California",165269,165372,166250,168047,170205,171138,173615,174646,176213,177452
1620000US0659500,0659500,"Rancho Mirage city, California",17218,17166,17245,17395,17524,17665,17825,17956,18122,18306
1620000US0659514,0659514,"Rancho Palos Verdes city, California",41643,41660,41675,42046,42269,42414,42486,42540,42470,42364
1620000US0659587,0659587,"Rancho Santa Margarita city, California",47853,47855,47929,48380,48687,49160,49213,49187,49006,48793
1620000US0659892,0659892,"Red Bluff city, California",14076,14076,14092,14069,14068,14036,13998,14097,14171,14287
1620000US0659920,0659920,"Redding city, California",89861,89861,89903,90187,90421,90796,91192,91045,91308,91794
1620000US0659962,0659962,"Redlands city, California",68747,68667,68813,69359,69728,69924,70364,70797,71196,71554
1620000US0660018,0660018,"Redondo Beach city, California",66748,66921,66940,67255,67578,67804,67892,68023,68109,67908
1620000US0660102,0660102,"Redwood City city, California",76815,76827,77044,78050,79347,81225,82960,85476,85479,86685
1620000US0660242,0660242,"Reedley city, California",24194,24228,24341,24712,24817,24981,25385,25536,25569,25620
1620000US0660466,0660466,"Rialto city, California",99171,99150,99391,100684,101473,101784,102307,102781,103171,103562
1620000US0660620,0660620,"Richmond city, California",103701,103267,103668,104964,106182,107276,108130,109221,109802,110040
1620000US0660704,0660704,"Ridgecrest city, California",27616,27616,27689,27931,28333,28638,28680,28735,28735,28880
1620000US0660900,0660900,"Rio Dell city, California",3368,3368,3372,3394,3367,3367,3368,3374,3405,3408
1620000US0660984,0660984,"Rio Vista city, California",7360,7367,7392,7456,7565,7734,8031,8318,8640,9009
1620000US0661026,0661026,"Ripon city, California",14297,14297,14338,14499,14633,14718,14916,15095,15460,15677
1620000US0661068,0661068,"Riverbank city, California",22678,22678,22769,23129,23270,23455,23677,23965,24374,24740
1620000US0662000,0662000,"Riverside city, California",303871,303985,305571,309726,312770,316079,318352,321179,324336,327728
1620000US0662364,0662364,"Rocklin city, California",56974,57117,57462,58434,58998,59670,60132,61001,62733,64838
1620000US0662546,0662546,"Rohnert Park city, California",40971,40818,40860,41018,41125,41396,42180,42384,42669,42838
1620000US0662602,0662602,"Rolling Hills city, California",1860,1860,1860,1869,1882,1891,1890,1889,1889,1882
1620000US0662644,0662644,"Rolling Hills Estates city, California",8067,8060,8065,8107,8163,8206,8221,8243,8241,8226
1620000US0662896,0662896,"Rosemead city, California",53764,53771,53809,54082,54337,54549,54616,54655,54584,54554
1620000US0662938,0662938,"Roseville city, California",118788,119164,119809,122653,124424,126801,128456,130118,132873,135329
1620000US0662980,0662980,"Ross town, California",2415,2426,2429,2449,2460,2483,2496,2495,2489,2480
1620000US0664000,0664000,"Sacramento city, California",466488,466394,467382,471170,474804,478927,483629,488952,494894,501901
1620000US0664140,0664140,"St. Helena city, California",5814,5816,5824,5868,5895,5937,5964,6049,6133,6196
1620000US0664224,0664224,"Salinas city, California",150441,150498,150820,152571,154197,155477,156336,156960,157618,157596
1620000US0664434,0664434,"San Anselmo town, California",12336,12305,12318,12421,12485,12607,12651,12646,12618,12580
1620000US0665000,0665000,"San Bernardino city, California",209924,209961,210182,211816,212969,213690,214200,215350,216018,216995
1620000US0665028,0665028,"San Bruno city, California",41114,41067,41115,41554,42164,42643,43059,43292,43241,43299
1620000US0665042,0665042,"San Buenaventura (Ventura) city, California",106433,107234,107476,108440,109236,109622,109869,110093,110404,110790
1620000US0665070,0665070,"San Carlos city, California",28406,28383,28430,28782,29184,29497,29806,29974,29963,30499
1620000US0665084,0665084,"San Clemente city, California",63522,63482,63603,64302,64727,64989,65123,65340,65411,65267
1620000US0665112,0665112,"Sand City city, California",334,334,335,338,340,345,379,380,383,387
1620000US0666000,0666000,"San Diego city, California",1307402,1301948,1306176,1320638,1338975,1358207,1379123,1391040,1406682,1419516
1620000US0666070,0666070,"San Dimas city, California",33371,33375,33386,33543,33710,33836,34434,34471,34384,34326
1620000US0666140,0666140,"San Fernando city, California",23645,23646,23656,23774,23834,24162,24485,24812,24750,24714
1620000US0667000,0667000,"San Francisco city, California",805235,805193,805770,816294,830406,841270,853258,866320,876103,884363
1620000US0667042,0667042,"San Gabriel city, California",39718,39647,39661,39857,40037,40150,40193,40250,40470,40514
1620000US0667056,0667056,"Sanger city, California",24270,24258,24299,24466,24549,24632,24724,24870,25007,25161
1620000US0667112,0667112,"San Jacinto city, California",44199,44199,44410,44977,45418,45909,46333,46762,47442,48254
1620000US0667126,0667126,"San Joaquin city, California",4001,3994,3996,4002,4009,4015,4015,4025,4031,4043
1620000US0668000,0668000,"San Jose city, California",945942,952574,955255,971352,985722,1003735,1016708,1027560,1031942,1035317
1620000US0668014,0668014,"San Juan Bautista city, California",1862,1851,1859,1871,1890,1909,1919,1939,1967,1976
1620000US0668028,0668028,"San Juan Capistrano city, California",34593,34427,34492,34900,35173,35618,35890,36061,36081,36064
1620000US0668084,0668084,"San Leandro city, California",84950,84952,85118,85970,87115,88237,89386,90663,90807,90553
1620000US0668154,0668154,"San Luis Obispo city, California",45119,45164,45204,45408,45811,46332,46573,47115,47438,47541
1620000US0668196,0668196,"San Marcos city, California",83781,83657,83972,85109,87012,89658,92665,93537,95346,96198
1620000US0668224,0668224,"San Marino city, California",13147,13107,13110,13173,13228,13278,13315,13367,13356,13327
1620000US0668252,0668252,"San Mateo city, California",97207,97207,97425,98622,100023,101565,102973,103754,104603,104748
1620000US0668294,0668294,"San Pablo city, California",29139,29512,29485,29544,29845,30140,30430,30784,31061,31156
1620000US0668364,0668364,"San Rafael city, California",57713,57694,57803,58261,58522,59096,59275,59252,59131,59070
1620000US0668378,0668378,"San Ramon city, California",72148,71423,71614,72236,72967,73701,74484,75260,75810,75931
1620000US0669000,0669000,"Santa Ana city, California",324528,324796,325427,328571,331222,334538,334398,334472,334953,334136
1620000US0669070,0669070,"Santa Barbara city, California",88410,88375,88486,88730,89520,90369,91144,91622,91916,92101
1620000US0669084,0669084,"Santa Clara city, California",116468,116497,116838,117994,119646,120822,122304,126274,126697,127134
1620000US0669088,0669088,"Santa Clarita city, California",176320,204186,204299,205557,206703,207600,208740,209848,210349,210888
1620000US0669112,0669112,"Santa Cruz city, California",59946,59945,60591,61480,62040,62846,63299,64238,64545,65021
1620000US0669154,0669154,"Santa Fe Springs city, California",16223,16221,16262,16514,16751,17030,17417,17936,18039,17980
1620000US0669196,0669196,"Santa Maria city, California",99553,99595,99714,100440,101393,102392,103404,104876,106302,107014
1620000US0670000,0670000,"Santa Monica city, California",89736,89742,89782,90578,91532,92305,92404,92787,92603,92306
1620000US0670042,0670042,"Santa Paula city, California",29321,29270,29335,29789,29979,30170,30435,30442,30368,30313
1620000US0670098,0670098,"Santa Rosa city, California",167815,167824,168062,169205,170205,171875,173842,174873,175320,175269
1620000US0670224,0670224,"Santee city, California",53413,53416,53647,54566,55475,56267,56970,57635,57876,58113
1620000US0670280,0670280,"Saratoga city, California",29926,30004,30096,30392,30759,31040,31086,31028,30997,30905
1620000US0670364,0670364,"Sausalito city, California",7061,6952,6959,7021,7056,7127,7177,7179,7162,7141
1620000US0670588,0670588,"Scotts Valley city, California",11580,11574,11584,11633,11675,11772,11864,11948,11952,11945
1620000US0670686,0670686,"Seal Beach city, California",24168,24077,24116,24347,24507,24599,24581,24556,24492,24326
1620000US0670742,0670742,"Seaside city, California",33025,33025,33103,33389,33840,34070,34105,34441,34402,34150
1620000US0670770,0670770,"Sebastopol city, California",7379,7392,7401,7471,7523,7594,7646,7674,7686,7666
1620000US0670882,0670882,"Selma city, California",23219,23365,23450,23580,23919,24305,24379,24497,24739,24782
1620000US0671106,0671106,"Shafter city, California",16988,17112,17173,17467,17233,17325,17677,18446,19086,19608
1620000US0671225,0671225,"Shasta Lake city, California",10164,10164,10146,10099,10097,10109,10115,10098,10113,10190
1620000US0671806,0671806,"Sierra Madre city, California",10917,10917,10920,10972,11020,11059,11094,11112,11074,11038
1620000US0671876,0671876,"Signal Hill city, California",11016,11016,11019,11069,11165,11317,11457,11509,11657,11622
1620000US0672016,0672016,"Simi Valley city, California",124237,124243,124495,125156,125524,126179,126611,126589,126518,126878
1620000US0672506,0672506,"Solana Beach city, California",12867,12867,12900,13024,13139,13248,13317,13413,13446,13444
1620000US0672520,0672520,"Soledad city, California",25738,25738,26032,26416,26503,25829,25314,24968,25672,26273
1620000US0672576,0672576,"Solvang city, California",5245,5223,5233,5262,5316,5369,5485,5702,5776,5909
1620000US0672646,0672646,"Sonoma city, California",10648,10652,10665,10711,10816,10887,10987,11034,11073,11108
1620000US0672674,0672674,"Sonora city, California",4903,4904,4898,4867,4818,4815,4805,4808,4820,4857
1620000US0672996,0672996,"South El Monte city, California",20116,20116,20125,20230,20323,20409,20429,20778,20917,20987
1620000US0673080,0673080,"South Gate city, California",94396,94417,94463,94702,94797,94941,95072,95983,95692,95430
1620000US0673108,0673108,"South Lake Tahoe city, California",21403,21402,21417,21385,21307,21379,21542,21758,21797,21978
1620000US0673220,0673220,"South Pasadena city, California",25619,25627,25636,25752,25879,25967,26009,26038,25967,25888
1620000US0673262,0673262,"South San Francisco city, California",63632,63654,63752,64542,65742,66421,67021,67406,67397,67429
1620000US0673962,0673962,"Stanton city, California",38186,37827,37909,38266,38446,38635,38601,38762,38741,38528
1620000US0675000,0675000,"Stockton city, California",291707,291726,292497,295208,297162,297743,301373,304723,307270,310496
1620000US0675630,0675630,"Suisun City city, California",28111,28095,28142,28325,28542,28755,29168,29391,29496,29639
1620000US0677000,0677000,"Sunnyvale city, California",140081,140060,140502,143944,146757,148411,150120,151855,153797,153656
1620000US0677364,0677364,"Susanville city, California",17947,17943,17724,17270,16603,15518,15525,15256,14863,15326
1620000US0677392,0677392,"Sutter Creek city, California",2501,2521,2517,2499,2476,2469,2480,2500,2532,2575
1620000US0677574,0677574,"Taft city, California",9327,9288,9285,9290,8933,8939,8906,9489,9385,9425
1620000US0678092,0678092,"Tehachapi city, California",14414,14420,14368,14342,13841,13313,13259,13045,12518,12630
1620000US0678106,0678106,"Tehama city, California",418,418,418,416,417,414,414,415,418,422
1620000US0678120,0678120,"Temecula city, California",100097,100048,100755,102746,104470,106289,108926,111418,112673,114327
1620000US0678148,0678148,"Temple City city, California",35558,35550,35561,35757,35934,36003,36039,36194,36412,36367
1620000US0678582,0678582,"Thousand Oaks city, California",126683,126480,126754,127452,127898,128528,129004,129098,129038,128995
1620000US0678666,0678666,"Tiburon town, California",8962,8947,8959,9038,9085,9178,9216,9215,9191,9165
1620000US0680000,0680000,"Torrance city, California",145438,145259,145300,146038,146693,147185,147450,147630,147187,146758
1620000US0680238,0680238,"Tracy city, California",82922,83353,83569,84319,84824,85006,85864,87064,89290,90889
1620000US0680448,0680448,"Trinidad city, California",367,367,367,366,361,359,357,356,359,360
1620000US0680588,0680588,"Truckee town, California",16180,16164,16168,16153,16089,16093,16243,16271,16370,16553
1620000US0680644,0680644,"Tulare city, California",59278,59312,59463,59883,60781,61102,61662,62153,62808,63855
1620000US0680686,0680686,"Tulelake city, California",1010,1010,1012,1005,995,988,987,991,989,994
1620000US0680812,0680812,"Turlock city, California",68549,68619,68768,69217,69748,70319,70970,71909,72751,73556
1620000US0680854,0680854,"Tustin city, California",75540,75316,75491,76301,77730,78314,80377,80352,80540,80498
1620000US0680994,0680994,"Twentynine Palms city, California",25048,25048,25104,25381,25642,25724,25805,25928,25993,26542
1620000US0681134,0681134,"Ukiah city, California",16075,16086,16030,15929,15929,15875,15899,15872,15886,16036
1620000US0681204,0681204,"Union City city, California",69516,69516,69631,70643,71762,72694,73642,74445,75558,75343
1620000US0681344,0681344,"Upland city, California",73732,73713,73893,74517,75038,75328,75710,76159,76552,76999
1620000US0681554,0681554,"Vacaville city, California",92428,92422,92582,93290,93781,94170,95605,96512,98313,100032
1620000US0681666,0681666,"Vallejo city, California",115942,115943,116196,116827,117799,118789,119913,120887,121376,122105
1620000US0682422,0682422,"Vernon city, California",112,112,112,113,113,113,113,114,113,113
1620000US0682590,0682590,"Victorville city, California",115903,115921,116322,118009,120040,120968,121418,121817,122096,122441
1620000US0682744,0682744,"Villa Park city, California",5812,5822,5831,5888,5925,5955,5951,5948,5928,5895
1620000US0682954,0682954,"Visalia city, California",124442,124452,124816,125726,126629,127590,128805,129735,131096,133010
1620000US0682996,0682996,"Vista city, California",93834,93501,93734,94756,95798,96731,97562,100236,101420,101568
1620000US0683332,0683332,"Walnut city, California",29172,29177,29211,29504,29910,30003,30044,30106,30061,30199
1620000US0683346,0683346,"Walnut Creek city, California",64173,64165,64338,64880,65630,66933,67635,68853,69332,69773
1620000US0683542,0683542,"Wasco city, California",25545,25552,25689,25864,25510,25960,26264,26246,26418,26994
1620000US0683612,0683612,"Waterford city, California",8456,8456,8465,8500,8551,8593,8699,8771,8856,8947
1620000US0683668,0683668,"Watsonville city, California",51199,51204,51279,51626,51960,52509,53073,53664,53910,54098
1620000US0683850,0683850,"Weed city, California",2967,2967,2982,2981,2938,2883,2714,2547,2651,2716
1620000US0684200,0684200,"West Covina city, California",106098,106113,106156,106843,107329,107653,107824,107969,107935,107598
1620000US0684410,0684410,"West Hollywood city, California",34399,34398,34415,34587,34756,35246,35646,36047,36735,37080
1620000US0684438,0684438,"Westlake Village city, California",8270,8303,8307,8357,8420,8466,8479,8490,8464,8440
1620000US0684550,0684550,"Westminster city, California",89701,89613,89789,90792,91397,91832,91806,91856,91809,91564
1620000US0684606,0684606,"Westmorland city, California",2225,2230,2235,2258,2264,2267,2272,2269,2277,2284
1620000US0684816,0684816,"West Sacramento city, California",48744,48744,48853,49143,49616,50080,51779,52564,53059,53512
1620000US0685012,0685012,"Wheatland city, California",3456,3504,3514,3519,3527,3510,3512,3735,3773,3842
1620000US0685292,0685292,"Whittier city, California",85331,85313,85339,85723,86157,86561,86774,87040,86989,86838
1620000US0685446,0685446,"Wildomar city, California",32176,32220,32434,32952,33308,33745,35248,35477,36103,36932
1620000US0685586,0685586,"Williams city, California",5123,5123,5140,5143,5148,5171,5147,5159,5207,5349
1620000US0685600,0685600,"Willits city, California",4888,4877,4874,4834,4831,4817,4824,4830,4854,4875
1620000US0685684,0685684,"Willows city, California",6166,6166,6152,6146,6093,6079,6082,6032,6047,6041
1620000US0685922,0685922,"Windsor town, California",26801,26795,26819,26909,27036,27216,27343,27450,27580,27548
1620000US0686034,0686034,"Winters city, California",6624,6624,6622,6837,6879,6909,6937,7018,7152,7273
1620000US0686300,0686300,"Woodlake city, California",7279,7279,7302,7320,7355,7605,7635,7634,7629,7649
1620000US0686328,0686328,"Woodland city, California",55468,55476,55547,55744,56281,56732,57376,58404,59102,60012
1620000US0686440,0686440,"Woodside town, California",5287,5283,5292,5357,5422,5482,5534,5567,5581,5564
1620000US0686832,0686832,"Yorba Linda city, California",64234,64169,64407,65679,66419,66972,67565,67755,68296,68229
1620000US0686930,0686930,"Yountville city, California",2933,2933,2947,2973,2958,2963,2990,2992,3002,2924
1620000US0686944,0686944,"Yreka city, California",7765,7765,7792,7745,7649,7551,7545,7558,7570,7600
1620000US0686972,0686972,"Yuba City city, California",64925,65634,65650,65419,65382,65667,65888,66290,66429,66860
1620000US0687042,0687042,"Yucaipa city, California",51367,51371,51508,52020,52384,52676,52882,53146,53343,53683
1620000US0687056,0687056,"Yucca Valley town, California",20700,20700,20747,20928,21067,21130,21397,21525,21629,21748
